1,"Central Europe, Russia and Turkey Fund, Inc. (The)",Iowa,59.3125021,Ho_Chi_Minh
2,"Charter Communications, Inc.",Anhalt,40.5742298,Tokyo
3,Scudder Strategic Municiple Income Trust,Ridgeway,41.4252912,Jerusalem
4,"Oxford Industries, Inc.",Hovde,34.570012,La_Paz
5,Nuveen Core Equity Alpha Fund,Manufacturers,55.7133263,La_Paz
6,Masco Corporation,Hoard,50.0360024,London
7,"Royce Global Value Trust, Inc.",Shelley,6.060955,Ho_Chi_Minh
8,Twilio Inc.,Golf View,49.7219212,London
9,U.S. Energy Corp.,John Wall,44.9280296,Ho_Chi_Minh
10,Carnival Corporation,Sachtjen,-11.6551492,London
11,Luminex Corporation,Fuller,38.2305534,Hong_Kong
12,"Ohr Pharmaceuticals, Inc.",Farragut,37.7937857,Jerusalem
13,Cardtronics plc,Hazelcrest,46.322577,La_Paz
14,"Inogen, Inc",Messerschmidt,-7.6179234,Hong_Kong
15,DXC Technology Company,Valley Edge,32.421701,Jerusalem
16,"Key Technology, Inc.",Florence,35.8439572,Tokyo
17,"WEC Energy Group, Inc.",Nova,52.28375,London
18,AGNC Investment Corp.,Miller,40.2758091,La_Paz
19,VelocityShares 3x Long Gold ETN,Ronald Regan,43.7441795,Hong_Kong
20,"Healthcare Services Group, Inc.",Everett,4.024168,Jerusalem
21,Blackrock Capital and Income Strategies Fund Inc,Tennyson,35.6553472,Ho_Chi_Minh
22,Caesars Entertainment Corporation,Cordelia,49.4580118,La_Paz
23,Mississippi Power Company,Homewood,49.8575338,Ho_Chi_Minh
24,BlueStar TA-BIGITech Israel Technology ETF,Stang,51.3009866,Hong_Kong
25,Container Store (The),Eggendart,52.3618688,Tokyo
26,Nuveen Ohio Quality Municipal Income Fund,Truax,44.7800716,Tokyo
27,"Cohen & Steers Closed-End Opportunity Fund, Inc.",Browning,-6.361128,Ho_Chi_Minh
28,State Street Corporation,Judy,50.3649126,London
29,"Lincoln Electric Holdings, Inc.",Montana,49.902219,Hong_Kong
30,BancFirst Corporation,Walton,30.603546,Los_Angeles
31,Middlesex Water Company,Pond,8.8443024,New_York
32,"Sunstone Hotel Investors, Inc.",Loftsgordon,-7.9908056,London
33,Healthcare Realty Trust Incorporated,Jenifer,8.189424,Los_Angeles
34,MB Financial Inc.,Porter,15.8785099,London
35,"Stericycle, Inc.",Starling,-7.4104934,Tokyo
36,Atlassian Corporation Plc,Buena Vista,39.04472,Hong_Kong
37,Great Ajax Corp.,Everett,-8.6791477,Ho_Chi_Minh
38,Liberty Interactive Corporation,Springs,17.0740883,New_York
39,Antero Midstream GP LP,Michigan,59.9458801,Hong_Kong
40,"CommScope Holding Company, Inc.",Spohn,29.859258,Los_Angeles
41,Ramco-Gershenson Properties Trust,Stephen,36.0699425,Ho_Chi_Minh
42,First Trust Dorsey Wright Dynamic Focus 5 ETF,Meadow Vale,-8.6417702,La_Paz
43,"Mattel, Inc.",Waubesa,39.0063718,Ho_Chi_Minh
44,Kaman Corporation,Nobel,-10.4585809,Ho_Chi_Minh
45,Davis Select U.S. Equity ETF,Sunfield,57.0936018,New_York
46,Boulevard Acquisition Corp. II,David,16.0481202,New_York
47,"Cadiz, Inc.",Moose,53.286578,New_York
48,Southern California Edison Company,Anzinger,53.2650844,London
49,"PNM Resources, Inc. (Holding Co.)",Anderson,-6.2461822,Jerusalem
50,"Theravance Biopharma, Inc.",Butterfield,10.2683199,Jerusalem
51,Pure Cycle Corporation,Harper,52.4379891,Hong_Kong
52,"Crown Holdings, Inc.",Talmadge,23.0365513,Ho_Chi_Minh
53,WSI Industries Inc.,Ridge Oak,31.5909061,Tokyo
54,Nuveen Maryland Quality Municipal Income Fund,Ludington,14.5815638,Hong_Kong
55,Natus Medical Incorporated,Grasskamp,55.3767331,Ho_Chi_Minh
56,Southern Copper Corporation,Pennsylvania,22.654032,Los_Angeles
57,Goldman Sachs MLP Income Opportunities Fund,Saint Paul,17.8200009,New_York
58,"Atlantic Capital Bancshares, Inc.",Westerfield,17.193029,Hong_Kong
59,"Carriage Services, Inc.",Straubel,25.227212,New_York
60,Antero Midstream Partners LP,Chive,-8.5335451,Tokyo
61,PBF Logistics LP,Hovde,8.8702881,London
62,DDR Corp.,Melby,53.4539951,Jerusalem
63,"Hologic, Inc.",Tennessee,23.36225,Jerusalem
64,Neptune Technologies & Bioresources Inc,8th,19.5056005,Jerusalem
65,"ING Group, N.V.",Waubesa,2.6928351,Jerusalem
66,Delta Technology Holdings Limited,Oak Valley,52.30002,London
67,West Corporation,Monument,28.264515,Tokyo
68,"Liquidity Services, Inc.",Spaight,19.4281922,New_York
69,Blackrock Municipal 2018 Term Trust,Nobel,25.9182262,Jerusalem
70,FS Investment Corporation,Golf Course,14.0031627,London
71,Wins Finance Holdings Inc.,Old Shore,9.3733566,Hong_Kong
72,Ashland Global Holdings Inc.,Melvin,0.0162131,London
73,Karyopharm Therapeutics Inc.,Orin,-8.6926,New_York
74,Unit Corporation,8th,-31.48342,Hong_Kong
75,Pattern Energy Group Inc.,Delladonna,-2.5265605,Tokyo
76,Wells Fargo & Company,Bluestem,14.6274805,Jerusalem
77,Global X NASDAQ China Technology ETF,Fairfield,56.5005833,London
78,"China Customer Relations Centers, Inc.",Tennessee,-22.7691646,London
79,Arrow DWA Tactical ETF,Shelley,48.7114913,Hong_Kong
80,Baytex Energy Corp,Eastwood,7.1966596,New_York
81,MFS Special Value Trust,Maywood,39.5805123,London
82,"Barnes Group, Inc.",4th,33.9216582,Hong_Kong
83,"United Parcel Service, Inc.",La Follette,45.0636892,Jerusalem
84,"Fidelity National Information Services, Inc.",Acker,33.9242163,Tokyo
85,"Gartner, Inc.",Hayes,29.685532,Hong_Kong
86,Invesco California Value Municipal Income Trust,Sloan,50.3100516,Ho_Chi_Minh
87,First Trust NASDAQ Technology Dividend Index Fund,Blaine,-7.2841,Jerusalem
88,"Martin Marietta Materials, Inc.",Pankratz,31.875572,Ho_Chi_Minh
89,Chemung Financial Corp,Village Green,-6.9644462,Los_Angeles
90,"CenterPoint Energy, Inc.",Corry,34.94873,New_York
91,"PriceSmart, Inc.",Corben,34.82828,Hong_Kong
92,Diversified Real Asset Income Fund,Elmside,32.059093,Ho_Chi_Minh
93,"EPAM Systems, Inc.",Donald,14.3618606,La_Paz
94,Rayonier Inc.,Fallview,55.1328637,Los_Angeles
95,"State National Companies, Inc.",Declaration,47.3080493,La_Paz
96,Commercial Metals Company,Hoepker,43.6422125,Los_Angeles
97,"Amyris, Inc.",Welch,59.8419074,New_York
98,Brasilagro Cia Brasileira De Propriedades Agricolas,Eastwood,14.6539775,Hong_Kong
99,Cerus Corporation,Blue Bill Park,48.732568,Tokyo
100,Regal Entertainment Group,Meadow Ridge,-7.2038055,Ho_Chi_Minh
101,Mackinac Financial Corporation,Susan,23.125735,London
102,SP Plus Corporation,Lawn,43.8793185,Los_Angeles
103,Albemarle Corporation,Jackson,6.4946003,Ho_Chi_Minh
104,"Pfizer, Inc.",Eagle Crest,53.86668,London
105,"Versartis, Inc.",Autumn Leaf,49.20303,Tokyo
106,Jagged Peak Energy Inc.,Susan,-7.5629468,Los_Angeles
107,"CryoPort, Inc.",Little Fleur,-4.423943,Tokyo
108,"Internationa Flavors & Fragrances, Inc.",Mifflin,49.8557953,Ho_Chi_Minh
109,"Selective Insurance Group, Inc.",Larry,56.85206,Tokyo
110,Vanguard International High Dividend Yield ETF,Michigan,40.9369019,La_Paz
111,"Tactile Systems Technology, Inc.",Harper,49.911732,Hong_Kong
112,Alphabet Inc.,Leroy,37.1428788,La_Paz
113,Kinross Gold Corporation,Prairieview,-8.0026625,Tokyo
114,"FLIR Systems, Inc.",Goodland,42.3414123,Tokyo
115,"SG Blocks, Inc.",Spohn,42.76667,Ho_Chi_Minh
116,"Energy Transfer Equity, L.P.",Bartelt,10.7991944,La_Paz
117,"Greenbrier Companies, Inc. (The)",Clarendon,52.1683034,Ho_Chi_Minh
118,NovoCure Limited,Waywood,19.5403533,Jerusalem
119,Cooper Tire & Rubber Company,Prairie Rose,52.774987,Hong_Kong
120,PowerShares DWA Emerging Markets Momentum Portfolio,Magdeline,40.7702563,London
121,Dana Incorporated,Duke,49.8564201,La_Paz
122,EXCO Resources NL,Northwestern,33.6523096,Jerusalem
123,Bank of America Corporation,Loftsgordon,13.6808985,Hong_Kong
124,Comp En De Mn Cemig ADS,Heffernan,34.746611,Tokyo
125,National Research Corporation,Trailsway,-6.791629,London
126,Pioneer Natural Resources Company,Granby,50.2671255,New_York
127,"Best Buy Co., Inc.",Dunning,14.9156704,London
128,Aegean Marine Petroleum Network Inc.,New Castle,34.2582539,Tokyo
129,"PGT Innovations, Inc.",Burning Wood,9.0483173,Jerusalem
130,J & J Snack Foods Corp.,Westport,6.1816141,Jerusalem
131,Entercom Communications Corporation,Wayridge,31.920658,Jerusalem
132,Encore Wire Corporation,Vera,27.7443962,Tokyo
133,First Trust Municipal CEF Income Opportunity ETF,Tennessee,37.9331181,London
134,EPR Properties,Clarendon,60.4609132,Jerusalem
135,J P Morgan Chase & Co,Warbler,55.7184184,Tokyo
136,"ServiceSource International, Inc.",Columbus,39.663147,La_Paz
137,"Brookline Bancorp, Inc.",Del Sol,48.3135026,Hong_Kong
138,Rice Energy Inc.,Del Sol,43.1074675,Los_Angeles
139,"Asia Tigers Fund, Inc. (The)",Elka,23.2116858,Jerusalem
140,"ILG, Inc",Waubesa,-38.951448,New_York
141,"Navigant Consulting, Inc.",Monument,15.4730538,Ho_Chi_Minh
142,"Nathan's Famous, Inc.",Lindbergh,-6.6,Jerusalem
143,KKR Real Estate Finance Trust Inc.,Hanover,30.978349,London
144,"Twin Disc, Incorporated",Westend,25.3024739,Los_Angeles
145,"Green Brick Partners, Inc.",Hoepker,14.7596318,Jerusalem
146,"Natural Grocers by Vitamin Cottage, Inc.",Drewry,13.8303,Ho_Chi_Minh
147,"First Interstate BancSystem, Inc.",Crowley,23.1543183,Jerusalem
148,"Retrophin, Inc.",Dawn,-10.4322235,Tokyo
149,Cushing Renaissance Fund (The),Reindahl,48.7579712,Hong_Kong
150,"Scripps Networks Interactive, Inc",6th,32.9340471,Tokyo
151,"Gabelli Equity Trust, Inc. (The)",Shelley,28.8228403,La_Paz
152,Pangaea Logistics Solutions Ltd.,Dovetail,-5.282644,Hong_Kong
153,"StarTek, Inc.",Delaware,34.041367,Ho_Chi_Minh
154,Western Asset Bond Fund,Melrose,59.2883751,Hong_Kong
155,AmeriServ Financial Inc.,Buena Vista,12.6114543,London
156,"Eagle Bancorp Montana, Inc.",Hudson,24.880095,Tokyo
157,FinTech Acquisition Corp. II,Eastwood,35.777346,Tokyo
158,"Hercules Capital, Inc.",Harbort,7.2333331,Tokyo
159,"M/I Homes, Inc.",Moland,39.1845611,Jerusalem
160,Nucor Corporation,Burrows,27.9805586,London
161,Global Medical REIT Inc.,Surrey,48.8312275,Hong_Kong
162,Wright Medical Group N.V.,Ridgeview,48.5271841,Ho_Chi_Minh
163,"Monolithic Power Systems, Inc.",Beilfuss,13.649619,La_Paz
164,Nuveen Municipal Credit Income Fund,Melvin,-21.1661005,London
165,"United Bankshares, Inc.",Meadow Valley,50.810462,Ho_Chi_Minh
166,Crestwood Equity Partners LP,Commercial,13.2999,Tokyo
167,XL Group Ltd.,Red Cloud,37.253622,Tokyo
168,Companhia Paranaense de Energia (COPEL),Colorado,40.7084699,London
169,Liberty Interactive Corporation,Westerfield,58.2084997,Ho_Chi_Minh
170,Vornado Realty Trust,Towne,28.998299,Jerusalem
171,"Benefitfocus, Inc.",Duke,14.5806413,Los_Angeles
172,"Howard Bancorp, Inc.",Shelley,39.3408388,Los_Angeles
173,"Inventure Foods, Inc.",Old Gate,46.05007,New_York
174,"FleetCor Technologies, Inc.",Meadow Valley,53.7636896,London
175,Avista Healthcare Public Acquisition Corp.,West,6.8740602,London
176,Tsakos Energy Navigation Ltd,Sugar,49.116169,Tokyo
177,Double Eagle Acquisition Corp.,Ludington,46.4064605,Jerusalem
178,"Premier, Inc.",Morningstar,29.910184,La_Paz
179,ENGlobal Corporation,Eagle Crest,25.918786,Hong_Kong
180,OFG Bancorp,David,-6.926103,Tokyo
181,Pennsylvania Real Estate Investment Trust,Warner,46.3410071,Ho_Chi_Minh
182,Sterling Bancorp,Lake View,31.029897,Hong_Kong
183,Allegiant Travel Company,Scoville,-13.28918,La_Paz
184,"Huttig Building Products, Inc.",Longview,54.948864,La_Paz
185,"GenVec, Inc.",Chive,68.787629,Tokyo
186,Phibro Animal Health Corporation,Bellgrove,57.7272213,Tokyo
187,PIMCO Income Strategy Fund,Shelley,11.390993,Jerusalem
188,First Trust Dynamic Europe Equity Income Fund,Longview,61.13336,New_York
189,Main Street Capital Corporation,Melby,3.1523104,Ho_Chi_Minh
190,Hess Midstream Partners LP,Hintze,10.656869,London
191,Altria Group,Pleasure,-6.2842662,Hong_Kong
192,"C.H. Robinson Worldwide, Inc.",Eastlawn,11.7874103,Los_Angeles
193,"Qorvo, Inc.",Anhalt,15.7800173,New_York
194,"NetApp, Inc.",Haas,1.5837191,La_Paz
195,Kennametal Inc.,Scoville,55.9240189,Jerusalem
196,First Trust Low Beta Income ETF,Dunning,8.47834,Hong_Kong
197,"Eleven Biotherapeutics, Inc.",Village,45.4136084,London
198,Horizon Technology Finance Corporation,Cody,14.499307,Jerusalem
199,Changyou.com Limited,Sunnyside,-9.0633364,New_York
200,M III Acquisition Corp.,Miller,38.918056,New_York
201,The GDL Fund,Tennyson,25.462752,La_Paz
202,"Turning Point Brands, Inc.",Fulton,45.0463269,Los_Angeles
203,CHS Inc,Texas,41.09028,London
204,Trinseo S.A.,Claremont,15.5724296,Ho_Chi_Minh
205,Central Garden & Pet Company,Burning Wood,53.2886387,Tokyo
206,"Reinsurance Group of America, Incorporated",Corben,37.8967329,Tokyo
207,Principal Shareholder Yield Index ETF,4th,45.5734042,London
208,KLA-Tencor Corporation,Texas,24.64995,La_Paz
209,"Cullen/Frost Bankers, Inc.",Sunfield,7.7601925,Jerusalem
210,"Surgery Partners, Inc.",Memorial,-0.572629,London
211,Inotek Pharmaceuticals Corporation,Rowland,18.0313661,Jerusalem
212,Scholastic Corporation,Upham,53.9323017,London
213,Zions Bancorporation,Bunting,39.142026,New_York
214,iShares MSCI Global Impact ETF,Kings,-22.7106685,Hong_Kong
215,"Howard Bancorp, Inc.",Onsgard,26.489902,Ho_Chi_Minh
216,"Calavo Growers, Inc.",Del Sol,31.364902,Jerusalem
217,Infosys Limited,Judy,-7.2760371,Los_Angeles
218,"Knoll, Inc.",South,14.8548895,London
219,Medley LLC,Aberg,40.4234188,Hong_Kong
220,iShares S&P India Nifty 50 Index Fund,Evergreen,41.853191,London
221,First Trust Eurozone AlphaDEX ETF,Caliangt,26.508568,Hong_Kong
222,"Cedar Realty Trust, Inc.",Sachs,51.965973,New_York
223,VictoryShares International Volatility Wtd ETF,Brown,24.77848,London
224,Amira Nature Foods Ltd,Milwaukee,13.7696054,La_Paz
225,argenx SE,Golf Course,6.300757,Tokyo
226,Banco Santander Brasil SA,Farragut,7.363608,Jerusalem
227,FedEx Corporation,Portage,47.5612569,New_York
228,Omeros Corporation,Bayside,40.2187855,New_York
229,"Simpson Manufacturing Company, Inc.",Green,27.999411,London
230,"pdvWireless, Inc.",Truax,28.5177435,Los_Angeles
231,"Hamilton Bancorp, Inc.",Truax,0.5471811,Ho_Chi_Minh
232,"Redwood Trust, Inc.",Fairfield,-26.791241,Ho_Chi_Minh
233,"John Wiley & Sons, Inc.",Clyde Gallagher,-5.5774536,La_Paz
234,Five Oaks Investment Corp.,Di Loreto,23.144757,Jerusalem
235,First Trust Emerging Markets Local Currency Bond ETF,Johnson,56.8564288,Los_Angeles
236,"Applied Materials, Inc.",Jay,-2.8385304,Ho_Chi_Minh
237,"Spring Bank Pharmaceuticals, Inc.",Sugar,-3.1941468,Jerusalem
238,"OpGen, Inc.",Grover,-8.650979,London
239,Seneca Foods Corp.,Eastwood,52.0668,Los_Angeles
240,Urban Edge Properties,Wayridge,53.1516417,Ho_Chi_Minh
241,Comerica Incorporated,Washington,38.7522606,New_York
242,Icahn Enterprises L.P.,Russell,32.2821952,Jerusalem
243,"Wesco Aircraft Holdings, Inc.",Tennessee,38.5833406,Ho_Chi_Minh
244,Sohu.com Inc.,Coleman,47.537724,Los_Angeles
245,Tutor Perini Corporation,Merrick,57.9084788,Los_Angeles
246,PowerShares DWA Emerging Markets Momentum Portfolio,Scott,-20.4709005,Tokyo
247,VALE S.A.,Pennsylvania,52.6052298,New_York
248,"Legg Mason, Inc.",Gerald,10.0835154,Ho_Chi_Minh
249,Nuveen AMT-Free Quality Municipal Income Fund,Maywood,60.2615318,New_York
250,"Pieris Pharmaceuticals, Inc.",Crowley,56.3452088,Ho_Chi_Minh
251,Lennar Corporation,Kingsford,49.735524,Hong_Kong
252,Hess Corporation,Sunfield,37.8098511,Los_Angeles
253,Zions Bancorporation,Melrose,30.172782,Ho_Chi_Minh
254,"First Guaranty Bancshares, Inc.",Dwight,50.3657373,Los_Angeles
255,Banner Corporation,Division,18.4329473,Ho_Chi_Minh
256,Enbridge Inc,Muir,-14.2171388,Ho_Chi_Minh
257,"VeriSign, Inc.",Pond,-18.9549753,Tokyo
258,Electrum Special Acquisition Corporation,Butternut,23.157289,Tokyo
259,Genpact Limited,Rigney,29.722611,Jerusalem
260,iFresh Inc.,Hollow Ridge,-7.6448547,London
261,Elkhorn Commodity Rotation Strategy ETF,Menomonie,51.1605227,Ho_Chi_Minh
262,"Sportsman's Warehouse Holdings, Inc.",Portage,26.733954,La_Paz
263,"Flexion Therapeutics, Inc.",Spenser,43.179594,Tokyo
264,"Ramaco Resources, Inc.",Michigan,-7.7013097,Tokyo
265,"Vocera Communications, Inc.",Mallard,-6.91253,Ho_Chi_Minh
266,"Key Technology, Inc.",Dixon,47.6668709,London
267,"IDEXX Laboratories, Inc.",Novick,41.399671,New_York
268,AMREP Corporation,Butternut,34.6533451,Los_Angeles
269,Corning Incorporated,Northland,56.2419057,Los_Angeles
270,Nuveen Texas Quality Municipal Income Fund,International,49.7931487,La_Paz
271,Tejon Ranch Co,Raven,-6.2000052,La_Paz
272,"Hibbett Sports, Inc.",Katie,39.2708955,Hong_Kong
273,Gold Fields Limited,Melody,-11.8648237,Jerusalem
274,iStar Financial Inc.,Banding,26.2448015,Hong_Kong
275,Neff Corporation,Cody,-6.615755,Jerusalem
276,"HCA Healthcare, Inc.",Algoma,46.6187667,Ho_Chi_Minh
277,Kate Spade & Company,Butterfield,38.7,Jerusalem
278,"Union Bankshares, Inc.",Carberry,14.1975137,Los_Angeles
279,Ally Financial Inc.,Mariners Cove,27.4456115,Jerusalem
280,"Matson, Inc.",Buena Vista,40.6294406,La_Paz
281,Forum Merger Corporation,Hazelcrest,37.3931794,Tokyo
282,Alpine Global Premier Properties Fund,Calypso,53.3881832,Los_Angeles
283,Methanex Corporation,Gerald,19.6031486,Jerusalem
284,NewLink Genetics Corporation,Beilfuss,32.4545928,Jerusalem
285,"Bridge Bancorp, Inc.",Talisman,-8.5067,Jerusalem
286,"Heat Biologics, Inc.",Lakewood Gardens,15.4293836,Ho_Chi_Minh
287,National General Holdings Corp,Burrows,35.275,La_Paz
288,Veeco Instruments Inc.,Macpherson,-21.7300823,London
289,Prospect Capital Corporation,Charing Cross,10.103645,Ho_Chi_Minh
290,Hancock Holding Company,Arizona,23.296786,La_Paz
291,"Casella Waste Systems, Inc.",Hagan,25.6765837,Hong_Kong
292,Teleflex Incorporated,Ramsey,53.3004898,New_York
293,iShares 0-5 Year Investment Grade Corporate Bond ETF,Melby,-20.2191237,London
294,Blackrock Capital and Income Strategies Fund Inc,Springs,58.2721251,Hong_Kong
295,Regency Centers Corporation,Del Sol,43.1283145,London
296,Getty Realty Corporation,Montana,59.2933395,Ho_Chi_Minh
297,"U.S. Auto Parts Network, Inc.",Utah,45.4699386,London
298,DoubleLine Income Solutions Fund,Nancy,3.07548,Hong_Kong
299,VOXX International Corporation,Melby,7.6447222,Tokyo
300,Mercantile Bank Corporation,Bay,13.7178702,Los_Angeles
301,"BioDelivery Sciences International, Inc.",Vera,-8.3870308,La_Paz
302,Nuveen Intermediate Duration Municipal Term Fund,Mallard,-4.4606478,Los_Angeles
303,"Nexeo Solutions, Inc.",Clemons,-6.4288646,La_Paz
304,iSectors Post-MPT Growth ETF,Graedel,29.276391,Hong_Kong
305,TransAlta Corporation,Dottie,-8.1145,Hong_Kong
306,Sapiens International Corporation N.V.,Utah,60.1391526,Jerusalem
307,"Boingo Wireless, Inc.",West,14.6425547,New_York
308,BlackRock Long-Term Municipal Advantage Trust,Nova,-7.9868869,Tokyo
309,"Monro Muffler Brake, Inc.",Thierer,52.1567272,London
310,Duke Energy Corporation,Bonner,-11.806679,London
311,Sealed Air Corporation,Scofield,45.632343,New_York
312,"Broadwind Energy, Inc.",Randy,39.95,Tokyo
313,"Western Asset Municipal Partners Fund, Inc.",Westend,26.853097,Ho_Chi_Minh
314,"PrivateBancorp, Inc.",Green,37.9773385,Jerusalem
315,Infinity Property and Casualty Corporation,Steensland,35.315039,Los_Angeles
316,Blackrock Municipal 2020 Term Trust,Superior,18.2712491,London
317,"New York Community Bancorp, Inc.",Truax,-3.6130091,New_York
318,"Selective Insurance Group, Inc.",David,50.0398933,Jerusalem
319,Naked Brand Group Inc.,Hooker,59.3974738,Tokyo
320,Encore Wire Corporation,Loeprich,-20.0325016,La_Paz
321,"Valeritas Holdings, Inc.",Aberg,6.1205833,La_Paz
322,CNH Industrial N.V.,4th,-18.76207,Hong_Kong
323,Vident Core U.S. Bond Strategy Fund,Spenser,40.0395689,Los_Angeles
324,"Endurance International Group Holdings, Inc.",Jackson,-8.0980648,Tokyo
325,Norwood Financial Corp.,Maple,16.0464514,Hong_Kong
326,"Delaware Investments Dividend & Income Fund, Inc.",Hermina,20.5072923,New_York
327,"National Grid Transco, PLC",Reindahl,34.481923,La_Paz
328,"PC Connection, Inc.",Sachtjen,59.3729008,New_York
329,"AutoZone, Inc.",Anthes,32.888994,Los_Angeles
330,"Vivint Solar, Inc.",Eastwood,53.1872306,Hong_Kong
331,"Biolase, Inc.",Myrtle,-6.6656231,Hong_Kong
332,Vanguard Russell 2000 ETF,Sycamore,62.1331515,La_Paz
333,Nomura Holdings Inc ADR,Little Fleur,43.858616,Tokyo
334,Viacom Inc.,Thierer,-18.9489026,Los_Angeles
335,RenaissanceRe Holdings Ltd.,Duke,63.8191979,Tokyo
336,"MaxLinear, Inc",Hayes,58.4249631,Ho_Chi_Minh
337,AdvisorShares Market Adaptive Unconstrained Income ETF,Moose,-8.2866081,Tokyo
338,The ExOne Company,Eastlawn,27.086662,Hong_Kong
339,"IDACORP, Inc.",Warbler,-6.3030571,London
340,Eaton Vance NextShares Trust,Magdeline,51.1672774,Tokyo
341,Lexington Realty Trust,Hayes,38.9550335,Tokyo
342,"DexCom, Inc.",Northland,20.8965838,La_Paz
343,"Colony NorthStar, Inc.",Schurz,-26.113239,Hong_Kong
344,E.I. du Pont de Nemours and Company,Holmberg,41.634449,London
345,"Morgan Stanley Asia-Pacific Fund, Inc.",Lakeland,-7.5450262,Jerusalem
346,"First Guaranty Bancshares, Inc.",Trailsway,40.991594,Tokyo
347,"Digital Realty Trust, Inc.",Mendota,22.920341,London
348,Microbot Medical Inc. ,Vernon,49.2554075,Tokyo
349,Fibrocell Science Inc,Schmedeman,54.2866841,Hong_Kong
350,Barclays Inverse US Treasury Composite ETN,Ilene,41.5464241,La_Paz
351,"MKS Instruments, Inc.",Hoard,22.843818,Hong_Kong
352,"Republic Bancorp, Inc.",Talmadge,-7.150975,Ho_Chi_Minh
353,MSA Safety Incorporporated,Lien,60.0528555,Ho_Chi_Minh
354,China Yuchai International Limited,American Ash,-4.3695455,Ho_Chi_Minh
355,"MEI Pharma, Inc.",Everett,49.9514305,Ho_Chi_Minh
356,CA Inc.,Mayfield,27.648891,La_Paz
357,Harsco Corporation,Sherman,35.6131551,La_Paz
358,LINE Corporation,Rowland,9.85914,Tokyo
359,Globant S.A.,Scofield,10.5353285,La_Paz
360,"VeriSign, Inc.",Myrtle,-7.2792087,London
361,Criteo S.A.,Macpherson,14,Jerusalem
362,Global X FinTech ETF,Coleman,31.5204633,New_York
363,Kopin Corporation,Delladonna,53.2767301,London
364,"CBL & Associates Properties, Inc.",Lakewood Gardens,3.4698023,London
365,Royal Bank Of Canada,Sutherland,-7.4011226,Tokyo
366,"Southcross Energy Partners, L.P.",Dawn,38.6663765,Tokyo
367,TICC Capital Corp.,Scott,12.6256834,Jerusalem
368,Liberty Media Corporation,Londonderry,26.2366058,Los_Angeles
369,"Yatra Online, Inc.",Rutledge,27.5065119,Hong_Kong
370,Vanguard Russell 1000 Value ETF,Forest Run,41.0751029,Ho_Chi_Minh
371,"Hasbro, Inc.",Maryland,30.183806,La_Paz
372,"Akebia Therapeutics, Inc.",1st,18.7486554,Tokyo
373,"ViewRay, Inc.",Schlimgen,37.4454804,New_York
374,Digimarc Corporation,Erie,27.69965,Hong_Kong
375,Cooper-Standard Holdings Inc.,Walton,53.2121335,Jerusalem
376,Blackrock Floating Rate Income Strategies Fund Inc,Del Sol,-24.8763773,Jerusalem
377,CNX Coal Resources LP,Upham,46.277611,London
378,U.S. Bancorp,Carioca,48.1417959,New_York
379,BlackRock Municipal Target Term Trust Inc. (The),Trailsway,43.1912783,Ho_Chi_Minh
380,GlaxoSmithKline PLC,Hintze,44.1440673,New_York
381,Bank of America Corporation,Service,24.7762658,Jerusalem
382,OFG Bancorp,Dottie,1.6832081,Los_Angeles
383,"Banc of California, Inc.",Sheridan,44.7800716,Los_Angeles
384,Jewett-Cameron Trading Company,La Follette,32.7668648,Ho_Chi_Minh
385,Northern Trust Corporation,Main,32.795859,Hong_Kong
386,"Alarm.com Holdings, Inc.",Maple,-18.6236377,New_York
387,Brightcove Inc.,Aberg,-24.5323166,London
388,Alkermes plc,Summerview,-1.4391409,Los_Angeles
389,Nielsen N.V.,Drewry,42.3242187,Los_Angeles
390,Masimo Corporation,Susan,-8.2545915,La_Paz
391,J P Morgan Chase & Co,Fordem,53.2582868,Jerusalem
392,"Turning Point Brands, Inc.",Bobwhite,-8.7389984,New_York
393,Electrum Special Acquisition Corporation,Hermina,49.1571976,New_York
394,"Argos Therapeutics, Inc.",Prentice,40.8814636,Ho_Chi_Minh
395,"PrivateBancorp, Inc.",Karstens,-7.2282295,Jerusalem
396,Cabela's Inc,Namekagon,14.0804623,Ho_Chi_Minh
397,"Tetra Technologies, Inc.",Hansons,29.8667325,La_Paz
398,"Fusion Telecommunications International, Inc.",Marquette,-9.7366,Ho_Chi_Minh
399,"SS&C Technologies Holdings, Inc.",Vahlen,40.2608574,New_York
400,Public Storage,Clyde Gallagher,49.7582153,Hong_Kong
401,"Badger Meter, Inc.",Ramsey,-8.4095178,La_Paz
402,VelocityShares Daily 2x VIX Short-Term ETN,Dayton,51.5607333,New_York
403,Textainer Group Holdings Limited,Spenser,32.388854,La_Paz
404,"Carbonite, Inc.",Division,27.223071,Ho_Chi_Minh
405,McKesson Corporation,Packers,29.7162314,London
406,CHS Inc,Lawn,45.9018536,Tokyo
407,Andina Acquisition Corp. II,Springs,-2.269994,Jerusalem
408,"PS Business Parks, Inc.",Blaine,45.1596128,La_Paz
409,"Qualys, Inc.",Morningstar,41.0043316,Tokyo
410,Amedica Corporation,Melby,-27.5059385,La_Paz
411,Nektar Therapeutics,Veith,5.19669,La_Paz
412,"Isramco, Inc.",Linden,39.2591889,Ho_Chi_Minh
413,Global X Millennials Thematic ETF,Buhler,42.76631,Los_Angeles
414,TAL Education Group,Vermont,21.9588282,La_Paz
415,LMP Capital and Income Fund Inc.,Maryland,36.5683543,Los_Angeles
416,"TrueBlue, Inc.",Hoard,28.3079856,London
417,"Transcat, Inc.",Kipling,55.6084924,La_Paz
418,"Summit Midstream Partners, LP",Thackeray,47.9392632,Jerusalem
419,"Reata Pharmaceuticals, Inc.",Anzinger,-6.9095295,La_Paz
420,Fifth Street Asset Management Inc.,Lukken,-8.5790886,Jerusalem
421,"First Interstate BancSystem, Inc.",Fallview,63.6182729,New_York
422,Diana Shipping inc.,Anderson,54.5071478,Los_Angeles
423,Royal Dutch Shell PLC,Esch,60.9847449,Tokyo
424,Nuveen AMT-Free Municipal Credit Income Fund,Lyons,13.1072012,Tokyo
425,Morgan Stanley,Mallory,42.616208,London
426,VictoryShares US 500 Enhanced Volatility Wtd ETF,Dexter,41.28168,Jerusalem
427,PAVmed Inc.,Bayside,23.296786,Jerusalem
428,State Auto Financial Corporation,Homewood,-3.4603809,London
429,FNB Bancorp,Caliangt,7.8014452,Jerusalem
430,PowerShares S&P SmallCap Consumer Discretionary Portfolio,Russell,63.1257009,Tokyo
431,Sealed Air Corporation,Carioca,-8.0154398,Hong_Kong
432,"LogMein, Inc.",Anzinger,22.2304314,Tokyo
433,"Caladrius Biosciences, Inc.",Maryland,38.0565317,La_Paz
434,"Legg Mason, Inc.",Lillian,-22.4101426,Ho_Chi_Minh
435,Annaly Capital Management Inc,Onsgard,29.8780031,Los_Angeles
436,"Daktronics, Inc.",New Castle,10.5289556,Hong_Kong
437,Oxford Lane Capital Corp.,Lien,49.6271732,Tokyo
438,"CSW Industrials, Inc.",Hansons,50.7577772,La_Paz
439,"Wheeler Real Estate Investment Trust, Inc.",Fisk,7.1966596,New_York
440,Diamondrock Hospitality Company,Sachs,59.4005705,Hong_Kong
441,"Enbridge Energy, L.P.",Hudson,19.804587,La_Paz
442,Standex International Corporation,Carioca,19.4621825,Los_Angeles
443,Oconee Federal Financial Corp.,Brickson Park,-6.2461822,New_York
444,Clipper Realty Inc.,Spohn,6.0481918,Jerusalem
445,General Finance Corporation,Hollow Ridge,49.6376889,Ho_Chi_Minh
446,Mechel PAO,Acker,49.4575108,Jerusalem
447,Calpine Corporation,American Ash,-6.1164243,Los_Angeles
448,ResMed Inc.,Sunnyside,46.48684,London
449,"MYR Group, Inc.",Artisan,44.8310092,Tokyo
450,MTGE Investment Corp.,Vidon,33.6042793,Jerusalem
451,Moody's Corporation,Coleman,39.2923338,Ho_Chi_Minh
452,"Hertz Global Holdings, Inc",Dottie,-45.4035437,La_Paz
453,Delphi Automotive plc,Southridge,-19.5906483,Jerusalem
454,"Cooper Companies, Inc. (The)",Dapin,41.6401662,Tokyo
455,SPDR Dorsey Wright Fixed Income Allocation ETF,Weeping Birch,30.807667,Tokyo
456,"Universal Logistics Holdings, Inc.",Daystar,-21.0209448,Tokyo
457,CSX Corporation,Nobel,33.011529,Los_Angeles
458,"American Capital Senior Floating, Ltd.",Kedzie,14.2345436,Ho_Chi_Minh
459,Differential Brands Group Inc.,Crownhardt,45.1526707,Hong_Kong
460,"Ocean Bio-Chem, Inc.",Summit,47.3080493,Jerusalem
461,"B. Riley Financial, Inc.",West,14.7536759,Jerusalem
462,"New York Community Bancorp, Inc.",Sutteridge,46.398418,London
463,United Microelectronics Corporation,Green Ridge,43.34041,Hong_Kong
464,"Citi Trends, Inc.",Lake View,-7.7414989,Los_Angeles
465,Central Garden & Pet Company,Onsgard,39.9041999,London
466,"VBI Vaccines, Inc.",Darwin,36.2013157,Hong_Kong
467,Webster Financial Corporation,Ilene,56.2341823,Jerusalem
468,"National Security Group, Inc.",Lillian,41.91142,Ho_Chi_Minh
469,"Gray Television, Inc.",Bunting,-6.9967,London
470,"Insys Therapeutics, Inc.",Vahlen,31.126412,New_York
471,Aspen Insurance Holdings Limited,4th,-8.7688975,Los_Angeles
472,MSCI Inc,Maryland,-6.9569,New_York
473,Chesapeake Lodging Trust,Raven,52.1361219,New_York
474,"Freeport-McMoran, Inc.",Lakewood Gardens,-7.2906502,La_Paz
475,CBS Corporation,Red Cloud,9.829638,New_York
476,Range Resources Corporation,Bartillon,14.5302201,London
477,Kemet Corporation,Mallory,57.0306605,Hong_Kong
478,"Independent Bank Group, Inc",Haas,37.13,New_York
479,Global Medical REIT Inc.,Glacier Hill,5.13151,Hong_Kong
480,J & J Snack Foods Corp.,Carey,10.4825247,Los_Angeles
481,The Obesity ETF,Rowland,-8.0109832,Los_Angeles
482,"Merck & Company, Inc.",Mandrake,36.1505981,Tokyo
483,XL Group Ltd.,Alpine,46.4044239,New_York
484,Gladstone Land Corporation,Burning Wood,3.2093353,Los_Angeles
485,Tekla Life Sciences Investors,Fremont,7.7896079,Tokyo
486,BB&T Corporation,Sheridan,30.03312,New_York
487,Chemical Financial Corporation,Mallory,-19.7270406,Ho_Chi_Minh
488,MYOS RENS Technology Inc.,Fremont,29.461194,Jerusalem
489,"Cleantech Solutions International, Inc.",Ohio,-28.34028,Hong_Kong
490,"SenesTech, Inc.",Transport,41.3216465,New_York
491,"Columbia Property Trust, Inc.",Morning,-14.226324,Hong_Kong
492,Korea Electric Power Corporation,Esker,51.8803457,Los_Angeles
493,"ICU Medical, Inc.",Claremont,63.1724708,Ho_Chi_Minh
494,First Horizon National Corporation,Westport,-0.2467982,Ho_Chi_Minh
495,Ecopetrol S.A.,Express,44.1675867,Ho_Chi_Minh
496,Emerge Energy Services LP,Debs,-6.162275,New_York
497,Ares Management L.P.,Petterle,3.0100681,Ho_Chi_Minh
498,Morgan Stanley,Fallview,-40.2952749,Jerusalem
499,Deckers Outdoor Corporation,Harper,32.675098,London
500,Triangle Capital Corporation,Briar Crest,46.562247,London
501,Antero Midstream GP LP,Pierstorff,12.6679167,Jerusalem
502,"Ares Dynamic Credit Allocation Fund, Inc.",Londonderry,31.069419,La_Paz
503,Sotherly Hotels Inc.,Debra,54.87559,Ho_Chi_Minh
504,"Cellectar Biosciences, Inc.",Acker,49.4923255,Tokyo
505,"Forest City Realty Trust, Inc.",5th,-7.090073,La_Paz
506,"CareDx, Inc.",Myrtle,23.959574,La_Paz
507,E*TRADE Financial Corporation,Eagle Crest,51.3309754,Tokyo
508,CTI BioPharma Corp.,Washington,27.508898,La_Paz
509,"The Rubicon Project, Inc.",Bonner,-11.335798,Los_Angeles
510,Diageo plc,Canary,32.707997,Tokyo
511,uniQure N.V.,Gina,53.4413995,Ho_Chi_Minh
512,M&T Bank Corporation,Main,56.2656262,London
513,ClearBridge Large Cap Growth ESG ETF,Stephen,-19.157438,New_York
514,"MFA Financial, Inc.",International,46.2837247,London
515,Sify Technologies Limited,1st,54.5941065,Los_Angeles
516,"Dupont Fabros Technology, Inc.",Waxwing,39.3621896,Ho_Chi_Minh
517,Permian Basin Royalty Trust,Meadow Vale,-0.7739574,New_York
518,"Hudson Pacific Properties, Inc.",Vera,30.070933,Ho_Chi_Minh
519,"PS Business Parks, Inc.",Bartelt,37.507694,Tokyo
520,"Stemline Therapeutics, Inc.",Scott,-4.3220187,Ho_Chi_Minh
521,VALE S.A.,Union,54.9479093,Jerusalem
522,"WellCare Health Plans, Inc.",Bluestem,10.7900517,London
523,Alabama Power Company,Kropf,37.888248,Tokyo
524,"Aerojet Rocketdyne Holdings, Inc. ",Westridge,38.8478071,Los_Angeles
525,Aircastle Limited,Mcbride,1.2296124,Ho_Chi_Minh
526,Intellipharmaceutics International Inc.,Arizona,-7.5173045,Tokyo
527,Ingredion Incorporated,Wayridge,22.80524,Los_Angeles
528,Tennessee Valley Authority,Vernon,57.8754385,Hong_Kong
529,"Goldman Sachs Group, Inc. (The)",Green,-7.8003628,Jerusalem
530,"Care Capital Properties, Inc.",Porter,35.1149116,Los_Angeles
531,PowerShares DWA Tactical Sector Rotation Portfolio,Forest Dale,-7.040572,Jerusalem
532,iShares Commodities Select Strategy ETF,Pond,43.4945737,London
533,First Trust Global Tactical Commodity Strategy Fund,Fordem,8.9951264,La_Paz
534,Chemical Financial Corporation,Grim,28.165293,London
535,"Mirati Therapeutics, Inc.",Fairview,44.1136058,Los_Angeles
536,Morgan Stanley,Forest,-8.1405443,London
537,IXYS Corporation,Little Fleur,-7.1684722,Jerusalem
538,American Homes 4 Rent,Carberry,49.18332,Hong_Kong
539,"China Customer Relations Centers, Inc.",Ludington,14.0004996,Hong_Kong
540,The Joint Corp.,Harbort,-6.9704332,Hong_Kong
541,"NetApp, Inc.",Maywood,10.1814384,Tokyo
542,Gladstone Commercial Corporation,Mccormick,35.202503,Ho_Chi_Minh
543,"Cullen/Frost Bankers, Inc.",Di Loreto,49.5631235,La_Paz
544,Check-Cap Ltd.,Iowa,36.009929,Jerusalem
545,"Zogenix, Inc.",John Wall,25.085589,Tokyo
546,Quotient Technology Inc.,Pearson,28.153607,Ho_Chi_Minh
547,Euroseas Ltd.,Sugar,-6.1574525,Los_Angeles
548,Green Plains Partners LP,Straubel,37.1408036,New_York
549,Encore Wire Corporation,Glendale,57.6900919,Hong_Kong
550,"Apollo Endosurgery, Inc.",Nobel,14.593975,Los_Angeles
551,"Gulf Resources, Inc.",Sutherland,52.0391192,New_York
552,CTI BioPharma Corp.,Namekagon,27.522725,Hong_Kong
553,"Medical Transcription Billing, Corp.",Dwight,10.5000062,Tokyo
554,Rand Capital Corporation,Brickson Park,7.5909302,Jerusalem
555,"Dicerna Pharmaceuticals, Inc.",Derek,59.2689705,London
556,Lancaster Colony Corporation,Stoughton,27.955261,Ho_Chi_Minh
557,CPB Inc.,Melody,-7.166519,La_Paz
558,Center Coast MLP & Infrastructure Fund,Atwood,0.1698986,Jerusalem
559,The Medicines Company,Spenser,31.52057,Jerusalem
560,The GDL Fund,Fair Oaks,-8.3418,La_Paz
561,"Peak Resorts, Inc.",Ronald Regan,57.8196837,Jerusalem
562,WisdomTree U.S. SmallCap Quality Dividend Growth Fund,Pennsylvania,12.3109644,Tokyo
563,"Apptio, Inc.",Bonner,11.0574624,La_Paz
564,"ABIOMED, Inc.",3rd,-6.9216971,London
565,"Amplify Snack Brands, inc.",Buhler,29.049672,Jerusalem
566,BP p.l.c.,Luster,1.973103,London
567,"AmTrust Financial Services, Inc.",Lakewood Gardens,-28.4627561,La_Paz
568,"Kite Pharma, Inc.",Esker,-27.92295,New_York
569,WPP plc,Carey,14.24512,Ho_Chi_Minh
570,Aurinia Pharmaceuticals Inc,Orin,29.028766,Los_Angeles
571,Blackrock MuniYield Investment QualityFund,Butternut,62.389549,Hong_Kong
572,Origo Acquisition Corporation,Manley,-25.2739709,Tokyo
573,First Trust Capital Strength ETF,Manitowish,22.558237,Jerusalem
574,"T2 Biosystems, Inc.",Dovetail,10.332444,La_Paz
575,Capstead Mortgage Corporation,Heath,1.6480399,London
576,UMB Financial Corporation,Tennessee,-18.1112146,New_York
577,Mercury General Corporation,Reindahl,49.2412468,Tokyo
578,MSA Safety Incorporporated,Harbort,0.0319573,London
579,Alliant Energy Corporation,Schmedeman,-6.5581455,Hong_Kong
580,"Tetra Technologies, Inc.",Mendota,35.3606523,London
581,Diebold Nixdorf Incorporated,Acker,46.6521155,Hong_Kong
582,"CareTrust REIT, Inc.",Shoshone,46.1679323,Tokyo
583,"Validus Holdings, Ltd.",American Ash,-38.9395203,Tokyo
584,Axis Capital Holdings Limited,Shasta,-7.8225811,Jerusalem
585,"International Seaways, Inc.",Haas,57.8004642,Los_Angeles
586,Select Asset Inc.,Warbler,42.9786866,New_York
587,United Microelectronics Corporation,Crownhardt,33.918534,Ho_Chi_Minh
588,Wright Medical Group N.V.,Loomis,14.834691,Los_Angeles
589,"Bojangles', Inc.",Judy,-19.59354,Ho_Chi_Minh
590,L.S. Starrett Company (The),Cherokee,-22.4836725,Tokyo
591,Delta Technology Holdings Limited,Debs,48.34016,Tokyo
592,Viad Corp,Petterle,13.816667,Hong_Kong
593,Credit Suisse Group,Goodland,-8.496803,Los_Angeles
594,"DHT Holdings, Inc.",Brown,46.2893452,Los_Angeles
595,Public Storage,Packers,4.7140373,Hong_Kong
596,Inpixon ,Shopko,56.4441479,Ho_Chi_Minh
597,Southern California Edison Company,Northwestern,54.652617,La_Paz
598,Merus Labs International Inc.,Algoma,43.0429124,Tokyo
599,"Spartan Motors, Inc.",Redwing,4.524233,Hong_Kong
600,Tesoro Logistics LP,Roxbury,41.000673,Tokyo
601,"Greenhill & Co., Inc.",Boyd,-11.8648237,Hong_Kong
602,"PC-Tel, Inc.",Vera,35.0743086,London
603,"TRC Companies, Inc.",Becker,-7.3639966,La_Paz
604,The GDL Fund,Kensington,49.6877756,Ho_Chi_Minh
605,"NeuroMetrix, Inc.",Lunder,36.195409,New_York
606,"MDU Resources Group, Inc.",Moulton,40.4930573,Tokyo
607,"FRONTEO, Inc.",Texas,58.4705978,Los_Angeles
608,Golden Ocean Group Limited,Old Gate,-7.0341681,Tokyo
609,"HomeTrust Bancshares, Inc.",Huxley,8.235581,Los_Angeles
610,"Dime Community Bancshares, Inc.",Monterey,59.41522,Ho_Chi_Minh
611,"Nustar GP Holdings, LLC",Heath,34.3264348,London
612,"Novavax, Inc.",Lindbergh,46.3410071,New_York
613,Luna Innovations Incorporated,Londonderry,14.6322366,La_Paz
614,WisdomTree Emerging Markets Corporate Bond Fund,Bonner,20.6523028,Los_Angeles
615,CVB Financial Corporation,Sugar,-7.204,La_Paz
616,"Nexeo Solutions, Inc.",Barby,10.1765144,Hong_Kong
617,E.I. du Pont de Nemours and Company,Bashford,43.9071313,London
618,Applied DNA Sciences Inc,Delladonna,60.2705509,New_York
619,"AmTrust Financial Services, Inc.",Kedzie,-20.9304923,Los_Angeles
620,Urstadt Biddle Properties Inc.,Sullivan,28.55386,Jerusalem
621,"North American Energy Partners, Inc.",Gateway,-25.50065,La_Paz
622,PennantPark Floating Rate Capital Ltd.,Corscot,13.7836468,Hong_Kong
623,F.N.B. Corporation,Eagan,41.93167,Hong_Kong
624,American Tower Corporation (REIT),Kenwood,41.1474096,London
625,Strattec Security Corporation,Debs,-6.9430402,Tokyo
626,Adesto Technologies Corporation,Mayer,3.2572094,Tokyo
627,Verso Corporation,Hayes,41.5485587,Tokyo
628,Univest Corporation of Pennsylvania,Londonderry,48.7226206,Ho_Chi_Minh
629,"RCI Hospitality Holdings, Inc.",Arapahoe,24.601408,La_Paz
630,iShares S&P India Nifty 50 Index Fund,Sundown,40.92194,Hong_Kong
631,"Voya Financial, Inc.",Luster,50.2477455,La_Paz
632,"Recro Pharma, Inc.",Warrior,50.239411,New_York
633,AGNC Investment Corp.,Westridge,54.17157,New_York
634,"AG Mortgage Investment Trust, Inc.",Londonderry,43.9705397,La_Paz
635,Pacific Continental Corporation (Ore),Sherman,18.8086564,Tokyo
636,Omega Protein Corporation,Ruskin,56.6649059,London
637,China Rapid Finance Limited,Northfield,22.676245,New_York
638,Akari Therapeutics Plc,Columbus,42.7327231,Ho_Chi_Minh
639,Research Frontiers Incorporated,Fisk,54.3352057,London
640,"Ramaco Resources, Inc.",Prentice,-32.75,Tokyo
641,Nuveen Real Asset Income and Growth Fund,Commercial,12.7430244,New_York
642,"CF Industries Holdings, Inc.",Buhler,47.59585,New_York
643,Lazard Ltd.,8th,-4.8905153,New_York
644,DAQO New Energy Corp.,Rusk,61.259673,Ho_Chi_Minh
645,"SITO Mobile, Ltd.",Memorial,13.447898,Hong_Kong
646,Goldman Sachs MLP Energy Renaissance Fund,Trailsway,49.84727,La_Paz
647,Gencor Industries Inc.,Monument,-3.7690648,Los_Angeles
648,"Winnebago Industries, Inc.",Warbler,50.2496386,Tokyo
649,"Scudder Global High Income Fund, Inc.",Ilene,30.271087,Jerusalem
650,PowerShares S&P SmallCap Financials Portfolio,Cascade,35.6907846,Hong_Kong
651,"Recon Technology, Ltd.",Graceland,29.956858,Hong_Kong
652,Western Asset Global Corporate Defined Opportunity Fund Inc.,Gateway,41.2867601,Los_Angeles
653,"Royal Gold, Inc.",Farwell,-8.1456159,Jerusalem
654,Teradata Corporation,Cody,57.6474676,Jerusalem
655,"Perma-Pipe International Holdings, Inc.",Doe Crossing,-2.5265605,Ho_Chi_Minh
656,"Universal Stainless & Alloy Products, Inc.",Garrison,15.767975,New_York
657,The Community Financial Corporation,Lillian,59.3673245,New_York
658,"AmTrust Financial Services, Inc.",Mallory,40.472433,Jerusalem
659,"Argos Therapeutics, Inc.",Forster,-7.1033128,Jerusalem
660,"Revolution Lighting Technologies, Inc.",Commercial,41.933917,New_York
661,Applied Genetic Technologies Corporation,Waywood,6.7645757,La_Paz
662,Fanhua Inc.,Prairieview,-8.2322924,Ho_Chi_Minh
663,"BioCryst Pharmaceuticals, Inc.",Buell,54.8681775,Ho_Chi_Minh
664,"Simulations Plus, Inc.",Eagle Crest,43.7441795,Jerusalem
665,Cesca Therapeutics Inc.,Algoma,43.3050854,New_York
666,"Hartford Financial Services Group, Inc. (The)",Arrowood,35.302488,Jerusalem
667,"GRAVITY Co., Ltd.",Lien,47.1601577,La_Paz
668,"Maiden Holdings, Ltd.",Pepper Wood,24.879416,London
669,Grupo Televisa S.A.,Anniversary,24.489685,Los_Angeles
670,Bank of Hawaii Corporation,Orin,35.1183378,Los_Angeles
671,Sunoco LP,Sunnyside,4.809984,Tokyo
672,Cliffs Natural Resources Inc.,Holy Cross,35.490701,Ho_Chi_Minh
673,Broadway Financial Corporation,North,42.9267976,Jerusalem
674,ProShares UltraPro Short QQQ,Sutherland,46.4214581,Tokyo
675,"Maiden Holdings, Ltd.",8th,-7.7177,Los_Angeles
676,Genesco Inc.,Fieldstone,22.463604,New_York
677,Nuveen Build America Bond Fund,Mallard,23.3790333,New_York
678,"Union Bankshares, Inc.",Bluejay,32.477849,Los_Angeles
679,Blackrock Global,Nancy,52.5112898,London
680,Partner Communications Company Ltd.,Eastlawn,25.274374,Hong_Kong
681,Kadant Inc,Victoria,38.404242,London
682,Entegra Financial Corp.,Clyde Gallagher,22.8564518,Jerusalem
683,Costamare Inc.,Independence,43.2496743,Jerusalem
684,"OpGen, Inc.",Pennsylvania,-6.936,Tokyo
685,Pool Corporation,Hintze,35.8042947,Hong_Kong
686,"USLIFE Income Fund, Inc.",Welch,-8.1539,London
687,"Genesis Energy, L.P.",Rockefeller,36.994225,Ho_Chi_Minh
688,PAR Technology Corporation,Darwin,1.78925,Tokyo
689,Arbor Realty Trust,Mayer,6.0867332,Hong_Kong
690,"Dynex Capital, Inc.",Farwell,55.6833424,Tokyo
691,"Southcross Energy Partners, L.P.",Coleman,-22.9763629,Ho_Chi_Minh
692,AllianzGI Convertible & Income Fund,Old Shore,28.8828809,New_York
693,John Hancock Financial Opportunities Fund,Carberry,23.7369164,New_York
694,Jewett-Cameron Trading Company,Luster,40.500471,Ho_Chi_Minh
695,Cytori Therapeutics Inc,Main,27.338257,London
696,Snap Inc.,Oak Valley,41.217649,La_Paz
697,Dean Foods Company,Brentwood,-8.637081,La_Paz
698,"MIDSTATES PETROLEUM COMPANY, INC.",Porter,53.5900195,Tokyo
699,Emerge Energy Services LP,Mesta,19.4325127,Los_Angeles
700,"Marten Transport, Ltd.",Trailsway,43.3911349,Tokyo
701,iStar Financial Inc.,Leroy,10.1253323,Ho_Chi_Minh
702,Gramercy Property Trust Inc.,Westend,28.18018,Ho_Chi_Minh
703,"Endologix, Inc.",Kedzie,37.6969518,Los_Angeles
704,United States Cellular Corporation,Mockingbird,-23.6443472,New_York
705,"Del Taco Restaurants, Inc.",Saint Paul,48.8315157,New_York
706,"Oncobiologics, Inc.",Mallard,49.7713426,Jerusalem
707,"Rexford Industrial Realty, Inc.",Florence,43.5234337,Hong_Kong
708,Fortress Investment Group LLC,Montana,30.315892,La_Paz
709,First Trust Intermediate Duration Preferred & Income Fund,Anhalt,40.106025,New_York
710,Phoenix New Media Limited,Rusk,30.7998721,London
711,Comp En De Mn Cemig ADS,Clyde Gallagher,46.398418,La_Paz
712,Ophthotech Corporation,Prairieview,50.4119089,Tokyo
713,"Papa Murphy's Holdings, Inc.",Anthes,39.63549,Hong_Kong
714,"Innoviva, Inc.",Sugar,34.29922,Tokyo
715,"Ritter Pharmaceuticals, Inc.",Calypso,4.625907,Ho_Chi_Minh
716,China Recycling Energy Corporation,Mcguire,29.638995,London
717,SandRidge Mississippian Trust II,Oakridge,26.982106,Tokyo
718,Farmland Partners Inc.,Fuller,-8.553113,New_York
719,"McDermott International, Inc.",Prairieview,4.4054033,Ho_Chi_Minh
720,"Mid-Con Energy Partners, LP",Mccormick,29.5530941,New_York
721,Vanguard Total International Stock ETF,Derek,24.4314126,La_Paz
722,"Capital Trust, Inc.",5th,63.9994475,New_York
723,"Allison Transmission Holdings, Inc.",Mosinee,24.348365,Tokyo
724,"CGI Group, Inc.",Florence,9.3607067,Los_Angeles
725,"I.D. Systems, Inc.",Hooker,28.598454,Hong_Kong
726,Lazard Global Total Return and Income Fund,Rigney,31.207751,Los_Angeles
727,"Ecology and Environment, Inc.",Helena,35.505943,Hong_Kong
728,Masimo Corporation,Sunbrook,-7.617735,Los_Angeles
729,Avista Healthcare Public Acquisition Corp.,Graedel,45.788378,London
730,TriplePoint Venture Growth BDC Corp.,Vahlen,-6.05,Hong_Kong
731,"New York Community Bancorp, Inc.",Logan,49.5271178,Tokyo
732,Teekay LNG Partners L.P.,Mockingbird,37.9377823,La_Paz
733,Kayne Anderson Energy Development Company,Sauthoff,57.9869523,New_York
734,"Aldeyra Therapeutics, Inc.",Esker,63.0097972,Jerusalem
735,Baozun Inc.,Hallows,11.7315405,Los_Angeles
736,Burcon NutraScience Corp,Kipling,50.3919,Tokyo
737,Frontier Communications Corporation,Walton,49.2121445,Los_Angeles
738,INVESCO MORTGAGE CAPITAL INC,Utah,38.4391281,Los_Angeles
739,WEX Inc.,Karstens,27.646686,London
740,Alpha and Omega Semiconductor Limited,Thompson,60.3560649,London
741,"China HGS Real Estate, Inc.",Randy,14.4437531,Jerusalem
742,"World Point Terminals, LP",Northfield,-8.3081,Los_Angeles
743,Japan Smaller Capitalization Fund Inc,Homewood,36.4596214,La_Paz
744,BioShares Biotechnology Products Fund,Upham,38.4832851,Ho_Chi_Minh
745,"Daseke, Inc.",Erie,37.5092473,Tokyo
746,Banco Bradesco Sa,Menomonie,39.8032712,La_Paz
747,"Motorola Solutions, Inc.",Warrior,28.55386,Jerusalem
748,Wells Fargo & Company,Cottonwood,23.2878976,Hong_Kong
749,"Summit Hotel Properties, Inc.",Pawling,17.9719887,Jerusalem
750,Giga-tronics Incorporated,Union,46.023082,Tokyo
751,Schlumberger N.V.,Sheridan,27.338257,Ho_Chi_Minh
752,"Alon USA Partners, LP",Mariners Cove,33.766169,La_Paz
753,"Selective Insurance Group, Inc.",Fuller,8.5182123,Jerusalem
754,"Cobalt International Energy, Inc.",Southridge,13.88263,Jerusalem
755,Allergan plc.,Bunker Hill,7.9045188,La_Paz
756,iShares MSCI Emerging Markets Asia Index Fund,Vahlen,60.1442919,Ho_Chi_Minh
757,Dell Technologies Inc.,Valley Edge,49.6428895,La_Paz
758,"Castlight Health, inc.",Duke,-6.6187563,Jerusalem
759,"Albany Molecular Research, Inc.",Arizona,19.4392516,Ho_Chi_Minh
760,Seaspan Corporation,Park Meadow,-27.6349915,Tokyo
761,EP Energy Corporation,Welch,4.398278,Jerusalem
762,EXFO Inc,Little Fleur,52.1361219,La_Paz
763,"GoPro, Inc.",Hovde,30.45,La_Paz
764,Liberty Broadband Corporation,Raven,-19.8381858,New_York
765,Texas Pacific Land Trust,Butternut,-6.8973,London
766,Nustar Energy L.P.,Declaration,48.9557844,London
767,"Jounce Therapeutics, Inc.",Utah,19.2987683,Hong_Kong
768,Capitala Finance Corp.,Hudson,-0.264241,Ho_Chi_Minh
769,"Triumph Group, Inc.",Holmberg,45.2881808,New_York
770,Pioneer Floating Rate Trust,Oneill,40.72135,Hong_Kong
771,"Hawaiian Telcom Holdco, Inc.",Thackeray,40.0876422,Hong_Kong
772,Oritani Financial Corp.,Sauthoff,1.4081109,Los_Angeles
773,"Microvision, Inc.",Arrowood,24.9104797,Los_Angeles
774,"Independent Bank Group, Inc",Esch,-17.6680839,Ho_Chi_Minh
775,"Applied Materials, Inc.",Elmside,53.291512,New_York
776,CHS Inc,Eagle Crest,64.8157528,New_York
777,"Del Taco Restaurants, Inc.",Dayton,-26.8552666,Los_Angeles
778,Senior Housing Properties Trust,Superior,23.701262,New_York
779,Alpine Total Dynamic Dividend Fund,Warner,53.8446847,Hong_Kong
780,Central European Media Enterprises Ltd.,Starling,-7.6377266,New_York
781,"Papa Murphy's Holdings, Inc.",Logan,36.6298186,Ho_Chi_Minh
782,"Viking Therapeutics, Inc.",Bartelt,49.443994,Tokyo
783,Sterling Construction Company Inc,Waubesa,1.0788178,Tokyo
784,ENDRA Life Sciences Inc.,Merchant,40.841536,London
785,BT Group plc,Park Meadow,38.6839843,Jerusalem
786,Total S.A.,Pine View,54.4168102,Jerusalem
787,Pebblebrook Hotel Trust,Crowley,43.3531543,Jerusalem
788,"Perficient, Inc.",Hoepker,29.330041,London
789,"Mednax, Inc",Springs,31.220367,London
790,Bank of America Corporation,Johnson,-6.2960156,La_Paz
791,"Veracyte, Inc.",Upham,4.994942,Tokyo
792,"Old Second Bancorp, Inc.",Larry,-13.3108167,Hong_Kong
793,"Jaguar Animal Health, Inc.",Hansons,32.4865436,Hong_Kong
794,First Merchants Corporation,Kensington,32.5639,New_York
795,Janus Henderson Small Cap Growth Alpha ETF,Coolidge,45.9397564,Ho_Chi_Minh
796,Wyndham Worldwide Corp,Paget,31.231546,Tokyo
797,Eaton Vance Floating Rate Income Trust,Claremont,-6.6215219,Jerusalem
798,"L3 Technologies, Inc.",Sommers,41.420018,Hong_Kong
799,"Customers Bancorp, Inc",Toban,50.1509066,La_Paz
800,PennantPark Investment Corporation,Daystar,61.7242142,Tokyo
801,Andina Acquisition Corp. II,Larry,41.494692,New_York
802,CSX Corporation,Brickson Park,52.06302,Los_Angeles
803,"Culp, Inc.",Mockingbird,42.0912106,New_York
804,"Lifeway Foods, Inc.",Lighthouse Bay,15.8359591,Hong_Kong
805,Luna Innovations Incorporated,Northfield,7.5823695,Hong_Kong
806,iShares Global Infrastructure ETF,Crowley,55.706586,La_Paz
807,Sabine Royalty Trust,3rd,31.190479,Los_Angeles
808,"Kayne Anderson Midstream Energy Fund, Inc",3rd,50.7917257,Los_Angeles
809,NewLink Genetics Corporation,Springview,14.6746056,London
810,Orix Corp Ads,Melody,-39.6241126,New_York
811,"The Ultimate Software Group, Inc.",Dryden,-6.1891552,Los_Angeles
812,Special Opportunities Fund Inc.,Kipling,45.1099574,London
813,State Street Corporation,Cambridge,42.4762027,Hong_Kong
814,Fox Factory Holding Corp.,Holy Cross,53.1210091,London
815,"Tarena International, Inc.",Meadow Ridge,48.6140715,Tokyo
816,"Bioanalytical Systems, Inc.",Schiller,-7.3312,Ho_Chi_Minh
817,Zions Bancorporation,John Wall,8.9282133,London
818,Prana Biotechnology Ltd,Northview,47.3640936,La_Paz
819,"support.com, Inc.",Blue Bill Park,63.9825,Los_Angeles
820,Oil-Dri Corporation Of America,Buell,44.8099561,Los_Angeles
821,"Mizuho Financial Group, Inc.",Merry,24.412155,Hong_Kong
822,"HubSpot, Inc.",Green,-6.6224,Hong_Kong
823,"Summit Hotel Properties, Inc.",Becker,37.7668391,London
824,Arbor Realty Trust,Sutteridge,45.521519,London
825,MEDIFAST INC,Cascade,29.012339,New_York
826,Public Storage,Helena,13.6535843,New_York
827,Chimera Investment Corporation,Blackbird,12.3714277,Ho_Chi_Minh
828,National Bank Holdings Corporation,Prairieview,29.686366,Ho_Chi_Minh
829,Taro Pharmaceutical Industries Ltd.,Ludington,57.7230813,Hong_Kong
830,"Heat Biologics, Inc.",Spohn,-7.4704747,La_Paz
831,Capstead Mortgage Corporation,Luster,23.614734,La_Paz
832,American Equity Investment Life Holding Company,Eagle Crest,57.1140206,London
833,Tri Continental Corporation,Steensland,31.9428516,La_Paz
834,"Insight Enterprises, Inc.",Meadow Ridge,62.2600127,London
835,"Town Sports International Holdings, Inc.",Hanover,57.5040119,London
836,CoBiz Financial Inc.,Chive,-5.8002425,London
837,"PNC Financial Services Group, Inc. (The)",Upham,43.9705397,New_York
838,Royal Caribbean Cruises Ltd.,1st,8.955271,Hong_Kong
839,A.H. Belo Corporation,Canary,56.0711371,London
840,"Gap, Inc. (The)",Macpherson,11.3882479,Hong_Kong
841,ProShares UltraPro Short QQQ,Blackbird,18.9452479,Los_Angeles
842,Herbalife LTD.,Algoma,59.3405742,New_York
843,Investors Title Company,Weeping Birch,-8.2702492,Los_Angeles
844,Time Inc.,Nova,55.796264,Hong_Kong
845,MTGE Investment Corp.,Northwestern,46.85628,Tokyo
846,Kearny Financial,Clemons,-22.5899119,La_Paz
847,Frontier Communications Corporation,Everett,16.8449454,Tokyo
848,Assured Guaranty Ltd.,East,38.1535213,La_Paz
849,"Live Nation Entertainment, Inc.",Norway Maple,-1.7618311,La_Paz
850,"The Habit Restaurants, Inc.",5th,41.0032627,Ho_Chi_Minh
851,Medley Capital Corporation,Beilfuss,42.7362477,Los_Angeles
852,"Maiden Holdings, Ltd.",Hovde,23.170455,Jerusalem
853,Retail Opportunity Investments Corp.,Jay,50.0273774,Jerusalem
854,"FARO Technologies, Inc.",Randy,3.5005598,Jerusalem
855,MTGE Investment Corp.,Acker,-1.4740609,Tokyo
856,"Second Sight Medical Products, Inc.",Basil,12.90616,Ho_Chi_Minh
857,"Plantronics, Inc.",Eastlawn,52.1028471,Ho_Chi_Minh
858,Apollo Investment Corporation,Russell,38.2892237,Los_Angeles
859,"Meta Financial Group, Inc.",Northland,58.2124026,Ho_Chi_Minh
860,Wyndham Worldwide Corp,Village Green,-7.6873253,La_Paz
861,Dynatronics Corporation,Jackson,18.2904086,London
862,Marvell Technology Group Ltd.,Northland,43.492878,New_York
863,Envision Healthcare Corporation,Clarendon,44.934021,La_Paz
864,Lattice Semiconductor Corporation,Waubesa,48.2166359,Jerusalem
865,"EZCORP, Inc.",High Crossing,32.032726,Hong_Kong
866,Community Healthcare Trust Incorporated,Center,-41.2070875,Tokyo
867,"Lantheus Holdings, Inc.",Crownhardt,-13.6808577,Los_Angeles
868,Matlin & Partners Acquisition Corporation,Macpherson,33.1963963,New_York
869,Blackrock Municipal Income Quality Trust,Ridgeway,42.654146,Jerusalem
870,"Guess?, Inc.",Reinke,13.6119882,London
871,"Shell Midstream Partners, L.P.",Reindahl,-8.4447,Tokyo
872,Kimco Realty Corporation,Delladonna,51.1480274,Los_Angeles
873,"Digital Realty Trust, Inc.",Fallview,-6.9592076,London
874,CyrusOne Inc,Eggendart,-8.5588,Hong_Kong
875,Torchmark Corporation,Golf Course,-6.9748882,Jerusalem
876,Diversified Real Asset Income Fund,Logan,29.046809,Tokyo
877,"Bio-Rad Laboratories, Inc.",Veith,41.9720786,New_York
878,"Synthetic Fixed-Income Securities, Inc.",Logan,38.4791344,London
879,"NAPCO Security Technologies, Inc.",Bluejay,-32.0288506,Jerusalem
880,"Williams-Sonoma, Inc.",Harper,36.6740953,London
881,Western Asset Global High Income Fund Inc,Utah,49.495739,Ho_Chi_Minh
882,"Asia Pacific Fund, Inc. (The)",Waubesa,29.270311,Los_Angeles
883,Pembina Pipeline Corp.,Brentwood,-8.6158919,London
884,Sibanye Gold Limited,American,24.8735859,London
885,"Franklin Resources, Inc.",Homewood,31.247275,Jerusalem
886,"TESARO, Inc.",Northport,28.7382793,Tokyo
887,"Cornerstone OnDemand, Inc.",Starling,32.655875,Hong_Kong
888,NeuroDerm Ltd.,Bunker Hill,-22.3595631,New_York
889,Compass Diversified Holdings,Loftsgordon,53.5483785,Jerusalem
890,Webster Financial Corporation,Garrison,-23.3711864,New_York
891,STRATS Trust,Chinook,19.6938888,La_Paz
892,"Otonomy, Inc.",Trailsway,11.9415629,New_York
893,"Terra Nitrogen Company, L.P.",Prentice,37.9616862,Ho_Chi_Minh
894,Urban Edge Properties,8th,47.9318074,New_York
895,"KVH Industries, Inc.",Dunning,10.8825337,London
896,"Core-Mark Holding Company, Inc.",Maple,30.664436,Jerusalem
897,Liberty Global plc,Clove,50.496272,Tokyo
898,"Synthesis Energy Systems, Inc.",Muir,-25.4596855,Hong_Kong
899,Stone Energy Corporation,Nobel,-16.3134305,New_York
900,Morgan Stanley,Sloan,-15.0705872,Tokyo
901,Proshares UltraPro Nasdaq Biotechnology,Everett,15.9082382,Ho_Chi_Minh
902,"Dominion Energy Midstream Partners, LP",Muir,34.9136229,Ho_Chi_Minh
903,"RiverNorth Opportunities Fund, Inc.",Ruskin,10.031243,New_York
904,Dorian LPG Ltd.,Sachtjen,-6.927607,Ho_Chi_Minh
905,First Trust South Korea AlphaDEX Fund,Mitchell,-34.7430691,London
906,Melco Resorts & Entertainment Limited,Bultman,33.5727724,New_York
907,"Compania Cervecerias Unidas, S.A.",Schmedeman,-6.7387737,Los_Angeles
908,"Condor Hospitality Trust, Inc.",Claremont,16.08532,Los_Angeles
909,"Fogo de Chao, Inc.",Heffernan,31.0600061,Los_Angeles
910,"Blackrock MuniHoldings California Quality Fund,  Inc.",Texas,43.9777294,New_York
911,Transocean Ltd.,Spohn,37.8099917,Hong_Kong
912,"2U, Inc.",Bobwhite,40.4655049,Hong_Kong
913,Morgan Stanley,Messerschmidt,57.6437016,Hong_Kong
914,Chemed Corp.,Springs,49.3496761,Hong_Kong
915,"Dr Pepper Snapple Group, Inc",Del Sol,41.8535089,London
916,Guggenheim Enhanced Equity Income Fund,Butterfield,49.6819305,Los_Angeles
917,Citigroup Inc.,Bunting,49.1931313,Jerusalem
918,Noble Corporation,3rd,11.5399857,Los_Angeles
919,"OptimumBank Holdings, Inc.",Jenifer,39.3035567,La_Paz
920,Waters Corporation,Monument,30.445452,Hong_Kong
921,RPX Corporation,Meadow Valley,46.171607,Hong_Kong
922,Ares Commercial Real Estate Corporation,Cardinal,-14.68055,Jerusalem
923,STMicroelectronics N.V.,6th,-13.60277,New_York
924,Moody's Corporation,Mifflin,-22.2691578,Hong_Kong
925,Companhia de saneamento Basico Do Estado De Sao Paulo - Sabesp,Northwestern,40.6140785,Tokyo
926,"East West Bancorp, Inc.",Golf View,8.2796966,Los_Angeles
927,Scorpio Tankers Inc.,Hauk,35.7517244,Los_Angeles
928,Advent Claymore Convertible Securities and Income Fund II,Larry,40.8381534,Jerusalem
929,"Genesis Energy, L.P.",Packers,5.8607314,Hong_Kong
930,Strongbridge Biopharma plc,Crest Line,-10.2579964,Hong_Kong
931,Old Republic International Corporation,Ramsey,-6.8083456,Hong_Kong
932,Cincinnati Financial Corporation,4th,10.5943971,Ho_Chi_Minh
933,CHS Inc,Anzinger,54.2874959,Tokyo
934,Arrow Financial Corporation,8th,14.2025174,London
935,Walter Investment Management Corp.,Sycamore,53.7093085,Los_Angeles
936,"International Seaways, Inc.",Springview,37.198731,London
937,Sears Holdings Corporation,Dahle,46.1659122,Los_Angeles
938,TEGNA Inc.,Lakeland,55.80192,Tokyo
939,SemiLEDS Corporation,Rutledge,56.7780157,Tokyo
940,"OneMain Holdings, Inc.",Dahle,24.5412145,Jerusalem
941,Hersha Hospitality Trust,Gulseth,-7.0117033,Tokyo
942,Barings Corporate Investors,Dottie,-6.9852341,Los_Angeles
943,Lions Gate Entertainment Corporation,Cambridge,17.7177253,Los_Angeles
944,Origo Acquisition Corporation,Warrior,-14.8258317,Los_Angeles
945,"HealthStream, Inc.",Crescent Oaks,50.13334,Ho_Chi_Minh
946,"Omega Flex, Inc.",Hagan,49.38299,Tokyo
947,Dynavax Technologies Corporation,Porter,5.5864963,Jerusalem
948,"Archrock Partners, L.P.",Fordem,13.6954096,Ho_Chi_Minh
949,PowerShares KBW Bank Portfolio,Ramsey,14.7174829,Tokyo
950,Stantec Inc,Coolidge,32.28548,Ho_Chi_Minh
951,"SPI Energy Co., Ltd.",Bartillon,37.27,Tokyo
952,UnitedHealth Group Incorporated,Graedel,5.6763925,Ho_Chi_Minh
953,"Redwood Trust, Inc.",Randy,5.191484,Tokyo
954,Invesco Trust  for Investment Grade New York Municipal,Superior,35.7493724,London
955,New Residential Investment Corp.,Sunbrook,38.4438949,La_Paz
956,Neff Corporation,Green,59.954927,Ho_Chi_Minh
957,Royal Bank Scotland plc (The),Spohn,41.88,London
958,Atomera Incorporated,Hallows,1.4081109,Ho_Chi_Minh
959,Euronav NV,Delaware,49.8788079,Hong_Kong
960,CTS Corporation,Bonner,31.25561,Tokyo
961,Noah Holdings Ltd.,Bobwhite,19.6990411,New_York
962,"TerraForm Global, Inc.",Melody,59.9416014,Hong_Kong
963,"Hanwha Q CELLS Co., Ltd. ",Warbler,45.1616228,Los_Angeles
964,"Sensus Healthcare, Inc.",Melody,6.2536784,New_York
965,EMC Insurance Group Inc.,Ruskin,57.6864243,Ho_Chi_Minh
966,Vantage Energy Acquisition Corp.,American Ash,-7.177049,Ho_Chi_Minh
967,"Hollysys Automation Technologies, Ltd.",Hallows,38.874434,Los_Angeles
968,"Legg Mason, Inc.",Algoma,13.6757837,Los_Angeles
969,Navios Maritime Midstream Partners LP,Jackson,52.4709411,London
970,"Connecture, Inc.",Hanson,57.6413494,La_Paz
971,Willis Towers Watson Public Limited Company,Dexter,7.7321516,London
972,"Nexeo Solutions, Inc.",Walton,65.9338,New_York
973,"Key Technology, Inc.",Derek,35.897702,Los_Angeles
974,Asia Pacific Wire & Cable Corporation Limited,Sachs,34.36441,Hong_Kong
975,QIWI plc,Vera,27.646686,La_Paz
976,Kellogg Company,Luster,-9.4718308,Los_Angeles
977,TOP Ships Inc.,Loeprich,30.646759,Ho_Chi_Minh
978,D/B/A Chubb Limited New,Kenwood,-9.483333,Tokyo
979,Pebblebrook Hotel Trust,Birchwood,13.059287,London
980,"Flex Pharma, Inc.",Menomonie,12.6226118,La_Paz
981,VEREIT Inc.,Jana,10.7187596,Tokyo
982,Solar Capital Ltd.,Hintze,37.9715592,Ho_Chi_Minh
983,FIRST REPUBLIC BANK,Rockefeller,-22.7561319,New_York
984,Yahoo! Inc.,Loomis,-10.2043297,La_Paz
985,"Safe Bulkers, Inc",Vermont,6.839006,Hong_Kong
986,"Copart, Inc.",Jackson,32.2187771,Los_Angeles
987,Nuveen Floating Rate Income Opportuntiy Fund,Hauk,-7.0954176,New_York
988,"Stemline Therapeutics, Inc.",Graceland,29.514498,Tokyo
989,Colliers International Group Inc. ,Morning,58.6680061,New_York
990,"BioScrip, Inc.",Delladonna,-7.6108474,La_Paz
991,VEON Ltd.,Drewry,32.151313,London
992,Lumos Networks Corp.,Montana,-31.7436794,Ho_Chi_Minh
993,PBF Energy Inc.,Oak Valley,45.0730425,London
994,Brookdale Senior Living Inc.,Annamark,40.2252364,Hong_Kong
995,WisdomTree Emerging Markets Quality Dividend Growth Fund,Stephen,-7.6849238,Hong_Kong
996,USD Partners LP,Bartelt,49.9592267,Jerusalem
997,Cincinnati Bell Inc,Redwing,47.5054315,Ho_Chi_Minh
998,National General Holdings Corp,Straubel,58.0819675,London
999,"Cohen & Steers Select Preferred and Income Fund, Inc.",Canary,37.9377823,Los_Angeles
1000,Arbutus Biopharma Corporation,Norway Maple,52.6472404,Los_Angeles
